ValidationRunId,BatchId,RuleCode,EntityName,Severity,OwnerDepartment,RecordsEvaluated,RecordsFailed,PassRate
38,216,ACCT_DETAIL_TO_TOTAL,ACCOUNT_TERM,HIGH,Student Accounts,4540,0,1.000000
38,216,AID_DISBURSED_ENROLLED,AID_AWARD,MEDIUM,Financial Aid,1859,5,0.997310
38,216,AID_PERIOD_VALID,AID_AWARD,HIGH,Financial Aid,3650,0,1.000000
38,216,APP_DUPLICATE_APPLICATION,APPLICATION,MEDIUM,Admissions,325,0,1.000000
38,216,APP_EMAIL_FORMAT,APPLICATION,LOW,Admissions,604,1,0.998344
38,216,APP_PHONE_FORMAT,APPLICATION,LOW,Admissions,471,0,1.000000
38,216,APP_PROGRAM_VALID,APPLICATION,HIGH,Admissions,325,2,0.993846
38,216,APP_REQUIRED_FIELDS,APPLICATION,HIGH,Admissions,325,1,0.996923
38,216,APP_TERM_VALID,APPLICATION,HIGH,Admissions,325,1,0.996923
38,216,CRED_EARNED_CREDITS,CREDENTIAL,HIGH,Registrar,139,0,1.000000
38,216,DIR_ACTIVE_STUDENT_ACCOUNT,STUDENT,MEDIUM,IT Identity Services,1670,318,0.809581
38,216,DIR_ORPHAN_ACCOUNT,DIRECTORY_ACCOUNT,MEDIUM,IT Identity Services,1762,1,0.999432
38,216,ENR_GRADE_STATUS,ENROLLMENT,MEDIUM,Registrar,15431,0,1.000000
38,216,ENR_STUDENT_EXISTS,ENROLLMENT,HIGH,Registrar,15431,0,1.000000
38,216,ENR_TERM_VALID,ENROLLMENT,HIGH,Registrar,15431,0,1.000000
38,216,INT_CROSSWALK_PRESENT,APPLICATION,HIGH,Data Operations,298,0,1.000000
38,216,SIS_DUPLICATE_PERSON,SIS_PERSON,HIGH,Registrar,2251,2,0.999112
38,216,STU_STATUS_CONSISTENT,STUDENT,MEDIUM,Registrar,2062,0,1.000000
