ReportingPeriod,Section,AttendanceStatus,StudentCategory,ResidencyGroup,AgeBand,Headcount
2025FA,PART_A,FULL_TIME,CONTINUING,DOMESTIC,ALL,233
2025FA,PART_A,FULL_TIME,CONTINUING,INTERNATIONAL,ALL,6
2025FA,PART_A,FULL_TIME,ENTERING,DOMESTIC,ALL,212
2025FA,PART_A,FULL_TIME,ENTERING,INTERNATIONAL,ALL,6
2025FA,PART_A,PART_TIME,CONTINUING,DOMESTIC,ALL,271
2025FA,PART_A,PART_TIME,CONTINUING,INTERNATIONAL,ALL,<5
2025FA,PART_A,PART_TIME,ENTERING,DOMESTIC,ALL,254
2025FA,PART_A,PART_TIME,ENTERING,INTERNATIONAL,ALL,11
2025FA,PART_B,FULL_TIME,ALL,ALL,18-19,93
2025FA,PART_B,FULL_TIME,ALL,ALL,20-21,105
2025FA,PART_B,FULL_TIME,ALL,ALL,22-24,112
2025FA,PART_B,FULL_TIME,ALL,ALL,25-29,17
2025FA,PART_B,FULL_TIME,ALL,ALL,30-34,14
2025FA,PART_B,FULL_TIME,ALL,ALL,35-39,18
2025FA,PART_B,FULL_TIME,ALL,ALL,40-49,37
2025FA,PART_B,FULL_TIME,ALL,ALL,50-64,23
2025FA,PART_B,FULL_TIME,ALL,ALL,UNDER_18,38
2025FA,PART_B,PART_TIME,ALL,ALL,18-19,111
2025FA,PART_B,PART_TIME,ALL,ALL,20-21,110
2025FA,PART_B,PART_TIME,ALL,ALL,22-24,132
2025FA,PART_B,PART_TIME,ALL,ALL,25-29,24
2025FA,PART_B,PART_TIME,ALL,ALL,30-34,24
2025FA,PART_B,PART_TIME,ALL,ALL,35-39,17
2025FA,PART_B,PART_TIME,ALL,ALL,40-49,45
2025FA,PART_B,PART_TIME,ALL,ALL,50-64,18
2025FA,PART_B,PART_TIME,ALL,ALL,UNDER_18,57
2025FA,TOTAL,ALL,ALL,ALL,ALL,995
