ReportingPeriod,StudentGroup,AidType,RecipientCount,TotalAmount,AverageAmount
2025-2026,GROUP_1,ANY_AID,552,1573850.00,2851
2025-2026,GROUP_1,ANY_GRANT,520,1139675.00,2192
2025-2026,GROUP_1,COHORT,1155,0.00,
2025-2026,GROUP_1,FEDERAL_STUDENT_LOAN,227,434175.00,1913
2025-2026,GROUP_1,PELL,426,900425.00,2114
2025-2026,GROUP_2,ANY_AID,107,376375.00,3518
2025-2026,GROUP_2,ANY_GRANT,97,274775.00,2833
2025-2026,GROUP_2,COHORT,218,0.00,
2025-2026,GROUP_2,FEDERAL_STUDENT_LOAN,49,101600.00,2073
2025-2026,GROUP_2,PELL,83,221825.00,2673
