TermCode,AcademicYear,MeasureCode,MeasureName,Unit,OwnerDepartmentCode,MeasureValue,DataStatus
2025FA,2025-2026,APPLICATIONS,Applications,COUNT,ADMISSIONS,0.0000,CURRENT
2025FA,2025-2026,ADMITS,Admits,COUNT,ADMISSIONS,0.0000,CURRENT
2025FA,2025-2026,DEPOSITS,Deposits,COUNT,ADMISSIONS,0.0000,CURRENT
2025FA,2025-2026,YIELD_RATE,Yield rate,RATIO,ADMISSIONS,,CURRENT
2025FA,2025-2026,CENSUS_HEADCOUNT,Census headcount,COUNT,REGISTRAR,995.0000,FINAL
2025FA,2025-2026,CENSUS_FTE,Census FTE,FTE,INSTITUTIONAL_RESEARCH,707.6000,FINAL
2025FA,2025-2026,FULL_TIME_SHARE,Full-time share,RATIO,REGISTRAR,0.4593,FINAL
2025FA,2025-2026,AID_RECIPIENTS,Aid recipients,COUNT,FINANCIAL_AID,391.0000,CURRENT
2025FA,2025-2026,OUTSTANDING_BALANCE,Outstanding balance,USD,STUDENT_ACCOUNTS,286974.6000,CURRENT
2025FA,2025-2026,COURSE_SUCCESS_RATE,Course success rate,RATIO,ACADEMIC_AFFAIRS,0.8002,CURRENT
2025FA,2025-2026,COMPLETIONS,Completions,COUNT,REGISTRAR,64.0000,CURRENT
2026SP,2025-2026,APPLICATIONS,Applications,COUNT,ADMISSIONS,0.0000,CURRENT
2026SP,2025-2026,ADMITS,Admits,COUNT,ADMISSIONS,0.0000,CURRENT
2026SP,2025-2026,DEPOSITS,Deposits,COUNT,ADMISSIONS,0.0000,CURRENT
2026SP,2025-2026,YIELD_RATE,Yield rate,RATIO,ADMISSIONS,,CURRENT
2026SP,2025-2026,CENSUS_HEADCOUNT,Census headcount,COUNT,REGISTRAR,990.0000,FINAL
2026SP,2025-2026,CENSUS_FTE,Census FTE,FTE,INSTITUTIONAL_RESEARCH,696.4000,FINAL
2026SP,2025-2026,FULL_TIME_SHARE,Full-time share,RATIO,REGISTRAR,0.4465,FINAL
2026SP,2025-2026,AID_RECIPIENTS,Aid recipients,COUNT,FINANCIAL_AID,386.0000,CURRENT
2026SP,2025-2026,OUTSTANDING_BALANCE,Outstanding balance,USD,STUDENT_ACCOUNTS,531762.8500,CURRENT
2026SP,2025-2026,COURSE_SUCCESS_RATE,Course success rate,RATIO,ACADEMIC_AFFAIRS,0.7928,CURRENT
2026SP,2025-2026,COMPLETIONS,Completions,COUNT,REGISTRAR,67.0000,CURRENT
2026SU,2025-2026,APPLICATIONS,Applications,COUNT,ADMISSIONS,0.0000,CURRENT
2026SU,2025-2026,ADMITS,Admits,COUNT,ADMISSIONS,0.0000,CURRENT
2026SU,2025-2026,DEPOSITS,Deposits,COUNT,ADMISSIONS,0.0000,CURRENT
2026SU,2025-2026,YIELD_RATE,Yield rate,RATIO,ADMISSIONS,,CURRENT
2026SU,2025-2026,CENSUS_HEADCOUNT,Census headcount,COUNT,REGISTRAR,124.0000,FINAL
2026SU,2025-2026,CENSUS_FTE,Census FTE,FTE,INSTITUTIONAL_RESEARCH,25.7333,FINAL
2026SU,2025-2026,FULL_TIME_SHARE,Full-time share,RATIO,REGISTRAR,0.0000,FINAL
2026SU,2025-2026,AID_RECIPIENTS,Aid recipients,COUNT,FINANCIAL_AID,0.0000,CURRENT
2026SU,2025-2026,OUTSTANDING_BALANCE,Outstanding balance,USD,STUDENT_ACCOUNTS,433197.8500,CURRENT
2026SU,2025-2026,COURSE_SUCCESS_RATE,Course success rate,RATIO,ACADEMIC_AFFAIRS,0.7984,CURRENT
2026SU,2025-2026,COMPLETIONS,Completions,COUNT,REGISTRAR,5.0000,CURRENT
